"crypto_name","crypto_symbol","crypto_type"
Bitcoin,BTC,""
Ethereum,ETH,""
BNB,BNB,""
Solana,SOL,""
USDC,USDC,Stablecoin
XRP,XRP,""
Dogecoin,DOGE,""
TRON,TRX,""
Toncoin,TON,""
Cardano,ADA,""
Avalanche,AVAX,""
Shiba Inu,SHIB,""
Polkadot,DOT,""
Chainlink,LINK,""
Bitcoin Cash,BCH,""
Dai,DAI,Stablecoin
UNUS SED LEO,LEO,""
Litecoin,LTC,""
NEAR Protocol,NEAR,""
Uniswap,UNI,""
Kaspa,KAS,""
Internet Computer,ICP,""
Monero,XMR,""
Pepe,PEPE,""
Aptos,APT,""
Artificial Superintelligence Alliance,FET,""
Stellar,XLM,""
Ethereum Classic,ETC,""
First Digital USD,FDUSD,Stablecoin
Sui,SUI,""
OKB,OKB,""
POL (ex-MATIC),POL,""
Stacks,STX,""
Cronos,CRO,""
Filecoin,FIL,""
Aave,AAVE,""
Immutable,IMX,""
Render,RENDER,""
Hedera,HBAR,""
Mantle,MNT,""
Bittensor,TAO,""
Arbitrum,ARB,""
Polygon,MATIC,""
VeChain,VET,""
Optimism,OP,""
Injective,INJ,""
dogwifhat,WIF,""
Cosmos,ATOM,""
Maker,MKR,""
Arweave,AR,""
Bitget Token,BGB,""
Helium,HNT,""
The Graph,GRT,""
THORChain,RUNE,""
FLOKI,FLOKI,""
Bonk,BONK,""
Theta Network,THETA,""
Fantom,FTM,""
Algorand,ALGO,""
Pyth Network,PYTH,""
KuCoin Token,KCS,""
JasmyCoin,JASMY,""
PayPal USD,PYUSD,Stablecoin
Sei,SEI,""
Bitcoin SV,BSV,""
Lido DAO,LDO,""
Celestia,TIA,""
Ondo,ONDO,""
Flow,FLOW,""
Notcoin,NOT,""
Core,CORE,""
BitTorrent [New],BTT,""
MANTRA,OM,""
USDD,USDD,Stablecoin
Starknet,STRK,""
Quant,QNT,""
EOS,EOS,""
GateToken,GT,""
Flare,FLR,""
Brett (Based),BRETT,""
MultiversX,EGLD,""
SATS,"1000SATS",""
Neo,NEO,""
Axie Infinity,AXS,""
Tether Gold,XAUt,""
Tezos,XTZ,""
Gala,GALA,""
ORDI,ORDI,""
eCash,XEC,""
Akash Network,AKT,""
Worldcoin,WLD,""
The Sandbox,SAND,""
Conflux,CFX,""
DOGS,DOGS,""
dYdX (Native),DYDX,""
Ethereum Name Service,ENS,""
Nexo,NEXO,""
TrueUSD,TUSD,Stablecoin
Wormhole,W,""
Ronin,RON,""
Popcat (SOL),POPCAT,""
Klaytn,KLAY,""
Decentraland,MANA,""
PAX Gold,PAXG,""
Mina,MINA,""
BinaryX,BNX,""
Zcash,ZEC,""
APENFT,NFT,""
Chiliz,CHZ,""
Terra Classic,LUNC,""
PancakeSwap,CAKE,""
Pendle,PENDLE,""
FTX Token,FTT,""
AIOZ Network,AIOZ,""
Synthetix,SNX,""
DeXe,DEXE,""
IOTA,IOTA,""
XDC Network,XDC,""
Ethena,ENA,""
BOOK OF MEME,BOME,""
ApeCoin,APE,""
Raydium,RAY,""
Livepeer,LPT,""
SafePal,SFP,""
Axelar,AXL,""
Astar,ASTR,""
zkSync,ZK,""
Gnosis,GNO,""
MX Token,MX,""
Compound,COMP,""
LayerZero,ZRO,""
Theta Fuel,TFUEL,""
Bitcoin Gold,BTG,""
cat in a dogs world,MEW,""
Oasis,ROSE,""
Nervos Network,CKB,""
WEMIX,WEMIX,""
Trust Wallet Token,TWT,""
Safe,SAFE,""
"1inch Network","1INCH",""
Curve DAO Token,CRV,""
Kava,KAVA,""
Blur,BLUR,""
SuperVerse,SUPER,""
IoTeX,IOTX,""
Amp,AMP,""
Mog Coin,MOG,""
JUST,JST,""
Dash,DASH,""
Kusama,KSM,""
GMT,GMT,""
Aevo,AEVO,""
ConstitutionDAO,PEOPLE,""
Sun (New),SUN,""
aelf,ELF,""
Golem,GLM,""
Holo,HOT,""
Osmosis,OSMO,""
WOO,WOO,""
Dymension,DYM,""
Jito,JTO,""
Aragon,ANT,""
Reserve Rights,RSR,""
Siacoin,SC,""
Zilliqa,ZIL,""
Manta Network,MANTA,""
Basic Attention Token,BAT,""
"0x Protocol",ZRX,""
Enjin Coin,ENJ,""
Terra,LUNA,""
Gravity,G,""
Celo,CELO,""
Tether USDt,USDT,Stablecoin
Echelon Prime,PRIME,""
Radix,XRD,""
Ankr,ANKR,""
Memecoin,MEME,""
Qtum,QTUM,""
Ravencoin,RVN,""
ether.fi,ETHFI,""
GMX,GMX,""
SPACE ID,ID,""
Arkham,ARKM,""
OriginTrail,TRAC,""
Gas,GAS,""
Convex Finance,CVX,""
Threshold,T,""
Rocket Pool,RPL,""
ssv.network,SSV,""
Mask Network,MASK,""
Flux,FLUX,""
dYdX (ethDYDX),ETHDYDX,""
io.net,IO,""
Decred,DCR,""
EthereumPoW,ETHW,""
Polymesh,POLYX,""
Altlayer,ALT,""
ZetaChain,ZETA,""
Ethena USDe,USDe,""
Zeebu,ZBU,""
Fellaz,FLZ,""
Cheelee,CHEEL,""
Fasttoken,FTN,""
Frax,FRAX,""
Beldex,BDX,""
Orbler,ORBR,""
Ondo US Dollar Yield,USDY,""
Aerodrome Finance,AERO,""
IPVERSE,IPV,""
USDB,USDB,""
Avail,AVAIL,""
Dog (Runes),DOG,""
PepeCoin,PEPECOIN,""
Galxe,GAL,""
Turbo,TURBO,""
SUNDOG,SUNDOG,""
Rollbit Coin,RLB,""
Tribe,TRIBE,""
Meta Games Coin,MGC,""
MimbleWimbleCoin,MWC,""
Osaka Protocol,OSAK,""
Aethir,ATH,""
UMA,UMA,""
Biconomy,BICO,""
Simon's Cat,CAT,""
Arcblock,ABT,""
Open Campus,EDU,""
Metis,METIS,""
Illuvium,ILV,""
Hivemapper,HONEY,""
Gomining,Gomining,""
SKALE,SKL,""
Qubic,QUBIC,""
Loopring,LRC,""
Centrifuge,CFG,""
yearn.finance,YFI,""
Blast,BLAST,""
Audius,AUDIO,""
Band Protocol,BAND,""
Harmony,ONE,""
Destra Network,DSYNC,""
USDJ,USDJ,""
SushiSwap,SUSHI,""
Tellor,TRB,""
H2O DAO,H2O,""
Chromia,CHR,""
NEM,XEM,""
VeThor Token,VTHO,""
Ontology,ONT,""
Kadena,KDA,""
SwissBorg,BORG,""
Chia,XCH,""
STASIS EURO,EURS,""
Frax Share,FXS,""
Creditcoin,CTC,""
Casper,CSPR,""
Alephium,ALPH,""
Baby Doge Coin,BabyDoge,""
Saga,SAGA,""
Moonbeam,GLMR,""
COTI,COTI,""
Alchemy Pay,ACH,""
Banana Gun,BANANA,""
Neiro Ethereum,NEIRO,""
Yield Guild Games,YGG,""
Ozone Chain,OZO,""
Vanar Chain,VANRY,""
BounceBit,BB,""
Storj,STORJ,""
Gigachad,GIGA,""
Zignaly,ZIG,""
Ponke,PONKE,""
Venom,VENOM,""
Horizen,ZEN,""
Velo,VELO,""
ICON,ICX,""
MCOIN,MCOIN,""
VerusCoin,VRSC,""
Telcoin,TEL,""
Oasys,OAS,""
PAAL AI,PAAL,""
Solar,SXP,""
Nano,XNO,""
Everscale,EVER,""
API3,API3,""
Waves,WAVES,""
Propy,PRO,""
WHY,WHY,""
Ultima,ULTIMA,""
DigiByte,DGB,""
Xai,XAI,""
JOE,JOE,""
Lisk,LSK,""
Metars Genesis,MRS,""
Pax Dollar,USDP,""
Aleph Zero,AZERO,""
VVS Finance,VVS,""
Delysium,AGI,""
Balancer,BAL,""
Paycoin,PCI,""
RSS3,RSS3,""
WAX,WAXP,""
Tokenlon Network Token,LON,""
Non-Playable Coin,NPC,""
Ontology Gas,ONG,""
iExec RLC,RLC,""
Venus,XVS,""
Merlin Chain,MERL,""
Taiko,TAIKO,""
Helium Mobile,MOBILE,""
Marlin,POND,""
Cartesi,CTSI,""
IOST,IOST,""
MobileCoin,MOB,""
Gemini Dollar,GUSD,""
Bitkub Coin,KUB,""
AI Analysis Token,AIAT,""
Status,SNT,""
Drift,DRIFT,""
"0x0.ai","0x0",""
Smooth Love Potion,SLP,""
Orca,ORCA,""
Numeraire,NMR,""
Dusk,DUSK,""
Pundi X (New),PUNDIX,""
BitMart Token,BMX,""
Pixels,PIXEL,""
Keep Network,KEEP,""
Braintrust,BTRST,""
Coq Inu,COQ,""
Metaplex,MPLX,""
Powerledger,POWR,""
Symbol,XYM,""
TrueFi,TRU,""
Radiant Capital,RDNT,""
Prom,PROM,""
Vulcan Forged (PYR),PYR,""
UPCX,UPC,""
TerraClassicUSD,USTC,""
LCX,LCX,""
Stratis [New],STRAX,""
Civic,CVC,""
Bone ShibaSwap,BONE,""
Coin98,C98,""
BORA,BORA,""
USDX [Kava],USDX,""
Nosana,NOS,""
IQ,IQ,""
WINkLink,WIN,""
MVL,MVL,""
Bounce Token,AUCTION,""
Zentry,ZENT,""
World Mobile Token,WMT,""
Hive,HIVE,""
Treasure,MAGIC,""
Mines of Dalarnia,DAR,""
Highstreet,HIGH,""
Telos,TLOS,""
Cyber,CYBER,""
Big Time,BIGTIME,""
Celer Network,CELR,""
dKargo,DKA,""
Syscoin,SYS,""
Polyhedra Network,ZKJ,""
Phala Network,PHA,""
Moonriver,MOVR,""
Mumu the Bull,MUMU,""
Chintai,CHEX,""
MiL.k,MLK,""
Sleepless AI,AI,""
Kyber Network Crystal v2,KNC,""
Islamic Coin,ISLM,""
Polymath,POLY,""
Wrapped Islamic Coin,WISLM,""
STP,STPT,""
DODO,DODO,""
Request,REQ,""
Spell Token,SPELL,""
Huobi Token,HT,""
Oraichain,ORAI,""
Synapse,SYN,""
StormX,STMX,""
Steem,STEEM,""
Bazaars,BZR,""
Zano,ZANO,""
HarryPotterObamaSonic10Inu (ERC-20),BITCOIN,""
SmarDex,SDEX,""
Solidus Ai Tech,AITECH,""
FLEX,FLEX,""
MediBloc,MED,""
Rootstock Infrastructure Framework,RIF,""
Hooked Protocol,HOOK,""
BUSD,BUSD,""
Gains Network,GNS,""
Dent,DENT,""
Orbs,ORBS,""
Fusionist,ACE,""
Nakamoto Games,NAKA,""
Euler,EUL,""
Maple,MPL,""
PepeFork,PORK,""
NYM,NYM,""
Maverick Protocol,MAV,""
Shentu,CTK,""
Liquity USD,LUSD,""
BakeryToken,BAKE,""
Dogelon Mars,ELON,""
Portal,PORTAL,""
ApeX Protocol,APEX,""
NetMind Token,NMT,""
Orchid,OXT,""
LUKSO,LYX,""
ChainGPT,CGPT,""
LeverFi,LEVER,""
Liquity,LQTY,""
Anchored Coins AEUR,AEUR,""
BENQI,QI,""
SLERF,SLERF,""
Staika,STIK,""
Seedify.fund,SFUND,""
Covalent X Token,CXT,""
KWD,KWD,""
Clearpool,CPOOL,""
XPLA,XPLA,""
Goldfinch,GFI,""
Acala Token,ACA,""
Constellation,DAG,""
Omni Network,OMNI,""
ShibaBitcoin,SHIBTC,""
Venus BUSD,vBUSD,""
EURC,EURC,""
Pocket Network,POKT,""
MyNeighborAlice,ALICE,""
CUDOS,CUDOS,""
Ardor,ARDR,""
QuarkChain,QKC,""
Myro,MYRO,""
Wen,WEN,""
Undeads Games,UDS,""
ANyONe Protocol,ANYONE,""
Hashflow,HFT,""
FINSCHIA,FNSA,""
Verum Coin,VERUM,""
Lista DAO,LISTA,""
XYO,XYO,""
Shadow Token,SHDW,""
Phoenix,PHB,""
Milady Meme Coin,LADYS,""
LimeWire,LMWR,""
Secret,SCRT,""
Node AI,GPU,""
Function X,FX,""
Pangolin,PNG,""
Dione Protocol,DIONE,""
Stride,STRD,""
ANDY (ETH),ANDY,""
Metal DAO,MTL,""
Wirex Token,WXT,""
michi (SOL),$MICHI,""
Bancor,BNT,""
Renzo,REZ,""
Velodrome Finance,VELO,""
Stargate Finance,STG,""
Verge,XVG,""
Wilder World,WILD,""
Clash of Lilliput,COL,""
Hifi Finance,HIFI,""
ALEX Lab,ALEX,""
Loom Network,LOOM,""
Decentralized Social,DESO,""
Adventure Gold,AGLD,""
CoinEx Token,CET,""
NFPrompt,NFP,""
DAO Maker,DAO,""
MOBOX,MBOX,""
Locus Chain,LOCUS,""
Access Protocol,ACS,""
Apu Apustaja,APU,""
Ergo,ERG,""
Ark,ARK,""
PlatON,LAT,""
Radworks,RAD,""
ArchLoot,AL,""
Artificial Liquid Intelligence,ALI,""
Bitcoin Palladium,BTCP,""
GameBuild,GAME,""
smARTOFGIVING,AOG,""
Hippocrat,HPO,""
MARBLEX,MBX,""
Forta,FORT,""
Badger DAO,BADGER,""
ORIGYN,OGY,""
Gods Unchained,GODS,""
Shuffle,SHFL,""
Snek,SNEK,""
Sweat Economy,SWEAT,""
ARPA,ARPA,""
Metacraft,MCT,""
Toko Token,TKO,""
Bluzelle,BLZ,""
Lift Dollar,USDL,""
Kujira,KUJI,""
REI Network,REI,""
Zebec Network,ZBCN,""
NKN,NKN,""
RACA,RACA,""
Origin Protocol,OGN,""
Tectum,TET,""
Crown by Third Time Games,CROWN,""
TokenFi,TOKEN,""
ViciCoin,VCNT,""
Daddy Tate,DADDY,""
Gitcoin,GTC,""
Kin,KIN,""
Unizen,ZCX,""
WazirX,WRX,""
Stella,ALPHA,""
Myria,MYRIA,""
Alien Worlds,TLM,""
Uquid Coin,UQC,""
Ultiverse,ULTI,""
Self Chain,SLF,""
Pirate Nation,PIRATE,""
Aavegotchi,GHST,""
MAP Protocol,MAPO,""
LTO Network,LTO,""
MovieBloc,MBL,""
OctaSpace,OCTA,""
Ethernity Chain,ERN,""
GamerCoin,GHX,""
Cobak Token,CBK,""
Matr1x,MAX,""
Tenset,"10SET",""
PeiPei (ETH),PEIPEI,""
Tokamak Network,TON,""
ArbDoge AI,AIDOGE,""
Metadium,META,""
Tether EURt,EURt,""
Energy Web Token,EWT,""
Enzyme,MLN,""
HyperCycle,HYPC,""
Automata Network,ATA,""
NULS,NULS,""
Ribbon Finance,RBN,""
Degen,DEGEN,""
RAMP,RAMP,""
HashAI,HASHAI,""
Tensor,TNSR,""
Streamr,DATA,""
Cream Finance,CREAM,""
DIMO,DIMO,""
DeFi Pulse Index,DPI,""
CLV,CLV,""
RARI,RARI,""
Kendu Inu,KENDU,""
Bitget Wallet Token,BWB,""
Viction,VIC,""
Ampleforth Governance Token,FORTH,""
SaitaChain Coin,STC,""
VIDT DAO,VIDT,""
Orion,ORN,""
Heroes of Mavia,MAVIA,""
Across Protocol,ACX,""
Aergo,AERGO,""
Biswap,BSW,""
LooksRare,LOOKS,""
Star Atlas DAO,POLIS,""
Elastos,ELA,""
Onyxcoin,XCN,""
DEXTools,DEXT,""
DIA,DIA,""
Celo Dollar,CUSD,""
IDEX,IDEX,""
Polkastarter,POLS,""
Beta Finance,BETA,""
Contentos,COS,""
Sologenic,SOLO,""
MANEKI,MANEKI,""
Perpetual Protocol,PERP,""
Persistence One,XPRT,""
Whiteheart,WHITE,""
district0x,DNT,""
League of Kingdoms Arena,LOKA,""
Cortex,CTXC,""
Alkimi,ADS,""
FUNToken,FUN,""
Boba Network,BOBA,""
Ren,REN,""
ThunderCore,TT,""
Pirate Chain,ARRR,""
ROGin AI,ROG,""
Isiklar Coin,ISIKC,""
Mother Iggy,MOTHER,""
Aleph.im,ALEPH,""
KARRAT,KARRAT,""
Zukiverse,ZUKI,""
Toshi,TOSHI,""
Litentry,LIT,""
Hunt Town,HUNT,""
OmniFlix Network,FLIX,""
Victoria VR,VR,""
Boson Protocol,BOSON,""
QuickSwap [Old],QUICK,""
Bella Protocol,BEL,""
Steem Dollars,SBD,""
Artrade,ATR,""
NEOPIN,NPT,""
RETARDIO,RETARDIO,""
Flamingo,FLM,""
Strike,STRK,""
StaFi,FIS,""
Bitgert,BRISE,""
Quickswap [New],QUICK,""
Komodo,KMD,""
UXLINK,UXLINK,""
Electroneum,ETN,""
DEAPcoin,DEP,""
Ultra,UOS,""
Sovryn,SOV,""
Wanchain,WAN,""
FEED EVERY GORILLA,FEG,""
Rally,RLY,""
DecideAI,DCD,""
Solana Name Service,FIDA,""
Alchemix,ALCX,""
BOBO,BOBO,""
BIM,BIM,""
Reserve Dollar,RSV,""
Ampleforth,AMPL,""
Dimitra,DMTR,""
PaLM AI,PALM,""
Dynex,DNX,""
Eurite,EURI,""
Virtuals Protocol,VIRTUAL,""
Crypto-AI-Robo.com,CAIR,""
GameFi.org,GAFI,""
OMG Network,OMG,""
XSGD,XSGD,""
crow with knife,CAW,""
Dego Finance,DEGO,""
trac (Ordinals),TRAC,""
Invest Zone,IVfun,""
Star Atlas,ATLAS,""
Data Ownership Protocol,DOP,""
Reef,REEF,""
StrikeX,STRX,""
PlayDapp,PDA,""
Games for a Living,GFAL,""
Doge Killer,LEASH,""
Propbase,PROPS,""
Decimal,DEL,""
Harvest Finance,FARM,""
Concordium,CCD,""
SelfKey,KEY,""
Helium IOT,IOT,""
RichQUACK.com,QUACK,""
Paris Saint-Germain Fan Token,PSG,""
FirmaChain,FCT,""
Voxies,VOXEL,""
Matr1x Fire,FIRE,""
Nexera,NXRA,""
Miracle Play,MPT,""
Bitcoin Wizards,WZRD,""
Gearbox Protocol,GEAR,""
Alpaca Finance,ALPACA,""
Dora Factory,DORA,""
COMBO,COMBO,""
AVA,AVA,""
Assemble AI,ASM,""
BFG Token,BFG,""
sUSD,SUSD,""
Kishu Inu,KISHU,""
Connex,CONX,""
Numbers Protocol,NUM,""
Tranchess,CHESS,""
Measurable Data Token,MDT,""
Blockchain Foundation for Innovation & Collaboration,BFIC,""
Edelcoin,EDLC,""
Aura Finance,AURA,""
Vertex Protocol,VRTX,""
Stronghold Token,SHX,""
Cratos,CRTS,""
Verasity,VRA,""
SaucerSwap,SAUCE,""
Q Protocol,QGOV,""
VAIOT,VAI,""
WeBuy,WE,""
pSTAKE Finance,PSTAKE,""
SIDUS,SIDUS,""
Ice Open Network,ICE,""
APX,APX,""
Groestlcoin,GRS,""
ASD,ASD,""
USDK,USDK,""
Grok,GROK,""
Green Satoshi Token (SOL),GST,""
"8-Bit Coin",COIN,""
XeniosCoin,XNC,""
Samoyedcoin,SAMO,""
Linear Finance,LINA,""
Sentinel Protocol,UPP,""
Statter Network,STT,""
IRISnet,IRIS,""
ChainSwap,CSWAP,""
Koala AI,KOKO,""
Beefy,BIFI,""
Burnedfi,BURN,""
LinqAI,LNQ,""
GEODNET,GEOD,""
CEEK VR,CEEK,""
catwifhat,CWIF,""
Ginnan The Cat,GINNAN,""
KLAYswap Protocol,KSP,""
SingularityDAO,SDAO,""
VITE,VITE,""
Swarm Markets,SMT,""
IAGON,IAG,""
BurgerCities,BURGER,""
AhaToken,AHT,""
Propchain,PROPC,""
Moss Coin,MOC,""
Hacken Token,HAI,""
MEMETOON,MEME,""
Save,SLND,""
Alpha Quark Token,AQT,""
Cornucopias,COPI,""
Hoppy,HOPPY,""
AirDAO,AMB,""
XPR Network,XPR,""
Gelato,GEL,""
PAID Network,PAID,""
xMoney,UTK,""
Unifi Protocol DAO,UNFI,""
BIDR,BIDR,""
AdEx,ADX,""
dForce,DF,""
ResearchCoin,RSC,""
UniLend,UFT,""
cheqd,CHEQ,""
Chainge,XCHNG,""
FIO Protocol,FIO,""
The Root Network,ROOT,""
Multibit,MUBI,""
Guild of Guardians,GOG,""
PolySwarm,NCT,""
ZUSD,ZUSD,""
Kava Lend,HARD,""
Stader,SD,""
Frontier,FRONT,""
Diamond,DMD,""
Agoras: Currency of Tau,AGRS,""
Rupiah Token,IDRT,""
StorX Network,SRX,""
Neon EVM,NEON,""
Cere Network,CERE,""
Wing Finance,WING,""
Parcl,PRCL,""
AXEL,AXEL,""
Morpheus.Network,MNW,""
Polytrade,TRADE,""
Vectorspace AI,VXV,""
Akropolis,AKRO,""
FC Barcelona Fan Token,BAR,""
Lollybomb Meme Coin,BOMB,""
OORT,OORT,""
MonaCoin,MONA,""
Crypto Asset Governance Alliance,CAGA,""
Hermez Network,HEZ,""
MATH,MATH,""
HOPR,HOPR,""
Keep3rV1,KP3R,""
Moonchain,MXC,""
Lovely Finance [New],LOVELY,""
Gifto,GFT,""
Impossible Finance Launchpad,IDIA,""
Tectonic,TONIC,""
Verified USD,USDV,""
Ancient8,A8,""
ZTX,ZTX,""
Moon Tropica,CAH,""
Creta World,CRETA,""
DeFiChain,DFI,""
MUX Protocol,MCB,""
AVINOC,AVINOC,""
Brainlet,BRAINLET,""
PARSIQ,PRQ,""
Fluence,FLT,""
Counterparty,XCP,""
ELYSIA,EL,""
MON Protocol,MON,""
UNS TOKEN,UNS,""
Sabai Protocol,SABAI,""
SIX,SIX,""
ParagonsDAO,PDT,""
PIVX,PIVX,""
NATIX Network,NATIX,""
Billy,BILLY,""
Cetus Protocol,CETUS,""
Dero,DERO,""
GAMEE,GMEE,""
Defigram,DFG,""
Nine Chronicles,WNCG,""
Manchester City Fan Token,CITY,""
Galatasaray Fan Token,GAL,""
Foxsy AI,FOXSY,""
Smog,SMOG,""
e-Radix,EXRD,""
SquidGrow,SQUIDGROW,""
BarnBridge,BOND,""
Radiant,RXD,""
MetaMAFIA,MAF,""
Aurory,AURY,""
GYEN,GYEN,""
Mango,MNGO,""
Kwenta,KWENTA,""
Koinos,KOIN,""
Apeiron,APRS,""
rhino.fi,DVF,""
DFI.Money,YFII,""
DMAIL Network,DMAIL,""
Basenji,BENJI,""
XCAD Network,XCAD,""
Klever,KLV,""
KYVE Network,KYVE,""
Oho,OHO,""
TARS AI,TAI,""
Firo,FIRO,""
BOB (ETH),BOB,""
Inverse Finance,INV,""
DOJO Protocol,DOAI,""
Botto,BOTTO,""
Shido [New],SHIDO,""
LandWolf (SOL),WOLF,""
Shapeshift FOX Token,FOX,""
Santos FC Fan Token,SANTOS,""
Graphlinq Chain,GLQ,""
Opulous,OPUL,""
Zypto,ZYPTO TOKEN,""
Minswap,MIN,""
TokenPocket,TPT,""
UNCX Network,UNCX,""
iMe Lab,LIME,""
Swarm,BZZ,""
Gaimin,GMRX,""
Commune AI,COMAI,""
Azuro Protocol,AZUR,""
Zero1 Labs,DEAI,""
zkRace,ZERC,""
Mdex,MDX,""
Taraxa,TARA,""
OG Fan Token,OG,""
Kryll,KRL,""
AirSwap,AST,""
Sentinel,DVPN,""
Electric Vehicle Zone,EVZ,""
RyuJin,RYU,""
Volt Inu,VOLT,""
DeepBrain Chain,DBC,""
Stratos,STOS,""
Quiztok,QTCON,""
Meter Governance,MTRG,""
Altura,ALU,""
Viberate,VIB,""
Bubblefong,BBF,""
SpaceN,SN,""
Pandora,PANDORA,""
WiFi Map,WIFI,""
Cryptex Finance,CTX,""
Nimiq,NIM,""
zKML,ZKML,""
Shark Cat,SC,""
Blendr Network,BLENDR,""
Rangers Protocol Gas,RPG,""
NuNet,NTX,""
Suzuverse,SGT,""
Pepe 2.0,PEPE2.0,""
ZEON,ZEON,""
Bitcoin Diamond,BCD,""
Alpine F1 Team Fan Token,ALPINE,""
Book.io,BOOK,""
Decubate,DCB,""
Pitbull,PIT,""
Nibiru Chain,NIBI,""
SHPING,SHPING,""
RabbitX,RBX,""
SwissCheese,SWCH,""
FONSmartChain,FON,""
ALTAVA,TAVA,""
DUKO,DUKO,""
Hege,HEGE,""
DeFi Kingdoms,JEWEL,""
AIT Protocol,AIT,""
zkLink,ZKL,""
GT Protocol,GTAI,""
Veno Finance,VNO,""
HyperGPT,HGPT,""
Nexa,NEXA,""
Hegic,HEGIC,""
Electra Protocol,XEP,""
QnA3.AI,GPT,""
AS Roma Fan Token,ASR,""
Pomerium,PMG,""
Super Zero Protocol,SERO,""
Mystiko Network,XZK,""
Diamond Launch,DLC,""
Velas,VLX,""
Comtech Gold,CGO,""
Juventus Fan Token,JUV,""
Clore.ai,CLORE,""
Aventus,AVT,""
Solchat,CHAT,""
Gleec Coin,GLEEC,""
r/CryptoCurrency Moons,MOON,""
"3space Art",PACE,""
Tokemak,TOKE,""
MileVerse,MVC,""
Sperax,SPA,""
Hatom,HTM,""
Quantum Resistant Ledger,QRL,""
Pollux Coin,POX,""
Kleros,PNK,""
Numerico,NWC,""
OpenChat,CHAT,""
Vara Network,VARA,""
NAVI Protocol,NAVX,""
BlackFort Exchange Network,BXN,""
SuperWalk,GRND,""
Dimecoin,DIME,""
Castello Coin,CAST,""
Ooki Protocol,OOKI,""
CatCoin,CAT,""
Arianee,ARIA20,""
Tornado Cash,TORN,""
SwftCoin,SWFTC,""
Chrono.tech,TIME,""
Solanium,SLIM,""
TrustSwap,SWAP,""
Credefi,CREDI,""
HELLO Labs,HELLO,""
School Hack Coin,SHC,""
BreederDAO,BREED,""
FC Porto Fan Token,PORTO,""
TROY,TROY,""
AMO Coin,AMO,""
LOBO•THE•WOLF•PUP,LOBO,""
Dvision Network,DVI,""
Minati Coin,MNTC,""
MixMarvel,MIX,""
Lumerin,LMR,""
OAX,OAX,""
S.S. Lazio Fan Token,LAZIO,""
Suku,SUKU,""
Fulcrom Finance,FUL,""
Galeon,GALEON,""
r/FortNiteBR Bricks,BRICK,""
ParaSwap,PSP,""
Bitcoin Atom,BCA,""
Waffles Davincij15's Cat,$WAFFLES,""
PAW,PAW,""
Polaris Share,POLA,""
Slothana,SLOTH,""
OpenGPU,oGPU,""
Jesus Coin,JESUS,""
HotKeySwap,HOTKEY,""
Dacxi,DACXI,""
Alitas,ALT,""
Metahero,HERO,""
Æternity,AE,""
Bloktopia,BLOK,""
Atlas Navi,NAVI,""
Ambire Wallet,WALLET,""
NFT Worlds,WRLD,""
Peercoin,PPC,""
MangoMan Intelligent,MMIT,""
MAD,MAD,""
Poolz Finance,POOLX,""
Symbiosis,SIS,""
ICHI,ICHI,""
Splintershards,SPS,""
Step Finance,STEP,""
Openfabric AI,OFN,""
Prosper,PROS,""
SPECTRE AI,SPECTRE,""
Arsenal Fan Token,AFC,""
Colony,CLY,""
Argentine Football Association Fan Token,ARG,""
CENNZnet,CENNZ,""
UFO Gaming,UFO,""
Astrafer,ASTRAFER,""
Kasta,KASTA,""
Brickken,BKN,""
Blocksquare Token,BST,""
Tarot,TAROT,""
Entangle,NGL,""
BioPassport Token,BIOT,""
Super Trump Coin,STRUMP,""
Cross The Ages,CTA,""
Rain Coin,RAIN,""
ScPrime,SCP,""
Hathor,HTR,""
Nodle,NODL,""
KardiaChain,KAI,""
Orange,ORNJ,""
AC Milan Fan Token,ACM,""
BADMAD ROBOTS,METAL,""
Saito,SAITO,""
Silly Dragon,SILLY,""
Katana Inu,KATA,""
Winnerz,WNZ,""
Ben the Dog,BENDOG,""
Troll,TROLL,""
Vita Inu,VINU,""
Creo Engine,CREO,""
Arix,ARIX,""
Nestree,EGG,""
Atletico De Madrid Fan Token,ATM,""
Metacade,MCADE,""
nubcat,NUB,""
KlimaDAO,KLIMA,""
WAGMI Games,WAGMIGAMES,""
DexCheck AI,DCK,""
Soil,SOIL,""
TOPGOAL,GOAL,""
LATOKEN,LA,""
Shyft Network,SHFT,""
Pallapay,PALLA,""
BytomDAO,BTM,""
Matrix AI Network,MAN,""
RocketX exchange,RVF,""
ivendPay,IVPAY,""
BlackCardCoin,BCCOIN,""
Asterix Labs,ASTX,""
HUSD,HUSD,""
POOH,POOH,""
ZKFair,ZKF,""
Nyan Heroes,NYAN,""
Octokn,OTK,""
Adshares,ADS,""
VNX Swiss Franc,VCHF,""
tomi,TOMI,""
Pikaboss,PIKA,""
Observer,OBSR,""
Baanx,BXX,""
Shiden Network,SDN,""
Efinity Token,EFI,""
Devve,DEVVE,""
LeisureMeta,LM,""
SAD HAMSTER,HAMMY,""
Cellframe,CELL,""
Namecoin,NMC,""
Farcana,FAR,""
Skey Network,SKEY,""
Serum,SRM,""
BEERCOIN,BEER,""
SPX6900,SPX,""
SpookySwap,BOO,""
FNCY,FNCY,""
Mintlayer,ML,""
Choise.ai,CHO,""
Inter Milan Fan Token,INTER,""
OVR,OVR,""
PERI Finance,PERI,""
BitKan,KAN,""
Cult DAO,CULT,""
Habibi,HABIBI,""
Artyfact,ARTY,""
GAM3S.GG,G3,""
MEVerse,MEV,""
Handshake,HNS,""
YooShi,YOOSHI,""
NFTX,NFTX,""
SOLVE,SOLVE,""
MAGA AGAIN,MAGAA,""
Izumi Finance,IZI,""
Adappter Token,ADP,""
Only1,LIKE,""
Coinweb,CWEB,""
CateCoin,CATE,""
GET Protocol,GET,""
Blockasset,BLOCK,""
fanC,FANC,""
ABBC Coin,ABBC,""
Project WITH,WIKEN,""
QORPO WORLD,QORPO,""
ColossusXT,COLX,""
beoble,BBL,""
Gamium,GMM,""
KOMPETE,KOMPETE,""
Fei USD,FEI,""
Tottenham Hotspur Fan Token,SPURS,""
Meta Monopoly,MONOPOLY,""
TRVL,TRVL,""
Step App,FITFI,""
VGX Token,VGX,""
ChangeNOW Token,NOW,""
Dogechain,DC,""
Venus DAI,vDAI,""
CatDog,CATDOG,""
Areon Network,AREA,""
Doge Eat Doge,OMNOM,""
Starlink,STARL,""
BLOCKLORDS,LRDS,""
Emirex Token,EMRX,""
Crypton,CRP,""
QuadrantProtocol,EQUAD,""
KILT Protocol,KILT,""
Buying.com,BUY,""
Carbon browser,CSIX,""
HAPI Protocol,HAPI,""
Phantasma,SOUL,""
MetFi,METFI,""
Ta-da,TADA,""
Three Protocol Token,THREE,""
Amulet,AMU,""
JetTon Games,JETTON,""
Mochi (New),MOCHI,""
PIBBLE,PIB,""
Open Custody Protocol,OPEN,""
GameZone,GZONE,""
Epic Cash,EPIC,""
Origin Dollar,OUSD,""
PlayZap,PZP,""
Nuco.cloud,NCDT,""
Venus LINK,vLINK,""
PLAYA3ULL GAMES,"3ULL",""
Origin DeFi Governance,OGV,""
TEMCO,TEMCO,""
AmonD,AMON,""
GameGPT,DUEL,""
Solama,SOLAMA,""
bitsCrunch,BCUT,""
Zenon,ZNN,""
Stobox Token,STBU,""
Hemule,HEMULE,""
Upland (SPARKLET),SPARKLET,""
Geojam Token,JAM,""
Karura,KAR,""
Hydra,HYDRA,""
ZKBase,ZKB,""
MongCoin,$MONG,""
RAI Finance,SOFI,""
Zynecoin,ZYN,""
Nash,NEX,""
MAHA.xyz,MAHA,""
TOKPIE,TKP,""
ROA CORE,ROA,""
MetaTrace,TRC,""
Vega Protocol,VEGA,""
Deeper Network,DPR,""
Energi,NRG,""
Carbon Protocol,SWTH,""
Crust Network,CRU,""
SpaceChain,SPC,""
RigoBlock,GRG,""
Privapp Network,bPRIVA,""
Trabzonspor Fan Token,TRA,""
Aryacoin,AYA,""
Azit,AZIT,""
OrbCity,ORB,""
Kimbo,KIMBO,""
Neurai,XNA,""
Joystream,JOY,""
Valor Token,VALOR,""
Baby Bonk,BABYBONK,""
Fuse,FUSE,""
Swash,SWASH,""
Windoge98,EXE,""
Paxe,PAXE,""
Venus LTC,vLTC,""
ETHEREUM IS GOOD,EBULL,""
Bag,BAG,""
Ternoa,CAPS,""
UniBot,UNIBOT,""
Celsius,CEL,""
KIRA,KEX,""
Alltoscan,ATS,""
ISKRA Token,ISK,""
apM Coin,APM,""
Pikamoon,PIKA,""
BobaCat,PSPS,""
Bitcoin 2,BTC2,""
AIPAD,AIPAD,""
Big Data Protocol,BDP,""
Obyte,GBYTE,""
REVV,REVV,""
Bitcicoin,BITCI,""
ZeroLend,ZERO,""
Ref Finance,REF,""
Somnium Space Cubes,CUBE,""
Akita Inu,AKITA,""
MarsDAO,MDAO,""
Landshare,LAND,""
GMCoin,GMCOIN,""
Pip,PIP,""
MILC Platform,MLT,""
Validity,VAL,""
XDB CHAIN,XDB,""
Shiryo,SHIRYO,""
BitShares,BTS,""
Magic Square,SQR,""
Divi,DIVI,""
Bad Idea AI,BAD,""
Genopets,GENE,""
Torum,XTM,""
Neiro (neiro.lol),NEIRO,""
Shrapnel,SHRAP,""
Vai,VAI,""
Celo Euro,CEUR,""
RepubliK,RPK,""
Banano,BAN,""
Hoge Finance,HOGE,""
MESSIER,M87,""
Skibidi Toilet,SKBDI,""
Ferrum Network,FRM,""
GameSwift,GSWIFT,""
Everest,ID,""
VIXCO,VIX,""
Pintu Token,PTU,""
PYRIN,PYI,""
Paribus,PBX,""
Witch Token,WITCH,""
Dragonchain,DRGN,""
Cipher,CPR,""
PKT,PKT,""
BlueMove,MOVE,""
EverRise,RISE,""
CATAMOTO,CATA,""
Blocery,BLY,""
PRIZM,PZM,""
Shiba Predator,QOM,""
Medieval Empires,MEE,""
Shina Inu,SHI,""
Pluton,PLU,""
EPIK Prime,EPIK,""
Mancium,MANC,""
PLANET,PLANET,""
Dust Protocol,DUST,""
Omax Coin,OMAX,""
imgnAI,IMGNAI,""
Decimated,DIO,""
Unibright,UBT,""
Dejitaru Tsuka,TSUKA,""
DeFinder Capital,DFC,""
Flamengo Fan Token,MENGO,""
Wall Street Memes,WSM,""
LABEL AI,LBL,""
BlockGames,BLOCK,""
Cashaa,CAS,""
Optimus AI,OPTI,""
Kunci Coin,KUNCI,""
Onooks,OOKS,""
Elixir Games,ELIX,""
XDEFI Wallet,XDEFI,""
GoChain,GO,""
WhiteCoin,XWC,""
STAT,STAT,""
Vertcoin,VTC,""
Everdome,DOME,""
zkSwap Finance,ZF,""
Prisma mkUSD,MKUSD,""
DeFi Land,DFL,""
The First Youtube Cat,PAJAMAS,""
BOSagora,BOA,""
Xend Finance,RWA,""
TABOO TOKEN,TABOO,""
Moutai,MOUTAI,""
BloodLoop,BLS,""
UnMarshal,MARSH,""
UnityMeta,UMT,""
BABB,BAX,""
DappRadar,RADAR,""
Abelian,ABEL,""
BEFE,BEFE,""
WOM Protocol,WOM,""
Chainbing,CBG,""
dHedge DAO,DHT,""
SunContract,SNC,""
monkey shit inu,MSI,""
Mysterium,MYST,""
UNKJD,MBS,""
Synesis One,SNS,""
Oxbull.tech,OXB,""
Bepro,BEPRO,""
Bitrue Coin,BTR,""
Covalent,CQT,""
BigONE Token,ONE,""
Augur,REP,""
Gracy,GRACY,""
Catboy,CATBOY,""
Fractal Network,FRA,""
DEFIT,DEFIT,""
Hydranet,HDN,""
Prime Numbers Labs Ecosystem,PRNT,""
GALAXIA,GXA,""
MagicCraft,MCRT,""
WHALE,WHALE,""
Konnect,KCT,""
ritestream,RITE,""
UFC Fan Token,UFC,""
DogeBonk,DOBO,""
BRN Metaverse,BRN,""
Qudefi,QDFI,""
BSCPAD,BSCPAD,""
PlayFuel,PLF,""
Neighbourhoods,NHT,""
Netvrk,NETVR,""
Bitrock,BROCK,""
Dark Frontiers,DARK,""
ETHAX,ETHAX,""
SENATE,SENATE,""
OpenOcean,OOE,""
Push Protocol,PUSH,""
Aston Villa Fan Token,AVL,""
Smilek to the Bank,SMILEK,""
Onomy Protocol,NOM,""
Rai Reflex Index,RAI,""
Realio Network,RIO,""
MASQ,MASQ,""
Everton Fan Token,EFC,""
Muse,MUSE,""
UBXS Token,UBXS,""
Presearch,PRE,""
Cosplay Token,COT,""
Robonomics.network,XRT,""
UX Chain,UX,""
Angola,AGLA,""
Jobchain,JOB,""
CPUcoin,CPU,""
Samsunspor Fan Token,SAM,""
Sakai Vault,SAKAI,""
Fofar (fofar.meme),FOFAR,""
CumRocket,CUMMIES,""
Chickencoin,CHKN,""
Povel Durev,DUREV,""
Ferro,FER,""
HAVAH,HVH,""
BLOCX.,BLOCX,""
Klaydice,DICE,""
Eesee,ESE,""
Bitcoin Bam,BTCBAM,""
GensoKishi Metaverse,MV,""
Plearn,PLN,""
King DAG,KDAG,""
Djed,DJED,""
ADAMANT Messenger,ADM,""
Fusion,FSN,""
Circuits of Value,COVAL,""
Bostrom,BOOT,""
Perion,PERC,""
Script Network,SCPT,""
Byte,BYTE,""
Moneytoken,IMT,""
Gameswap,GSWAP,""
"5ire","5IRE",""
RMRK,RMRK,""
Milady Wif Hat,LADYF,""
EML Protocol,EML,""
UpOnly,UPO,""
Inspect,INSP,""
WELL3,$WELL,""
WeFi,WEFI,""
Bytecoin,BCN,""
Portugal National Team Fan Token,POR,""
Bitcoin Standard Hashrate Token,BTCST,""
ACA Token,ACA,""
NvirWorld,NVIR,""
Footballcoin (XFC),XFC,""
Carrieverse,CVTX,""
Gari Network,GARI,""
Grin,GRIN,""
Carbon Credit,CCT,""
YOM,YOM,""
Lossless,LSS,""
Crash,CRASH,""
Lambda,LAMB,""
ShareToken,SHR,""
Napoli Fan Token,NAP,""
Apollo Currency,APL,""
Darwinia Network,RING,""
VoluMint,VMINT,""
Wownero,WOW,""
Minted,MTD,""
TypeAI,TYPE,""
Permission Coin,ASK,""
HI,HI,""
Hamster,HAM,""
AIgentX,AIX,""
Prometheum Prodigy,PMPY,""
TENT,TENT,""
Wat,WAT,""
Spheroid Universe,SPH,""
Smart Layer Network,SLN,""
Edge Matrix Computing,EMC,""
Elon MemeLord,ELON,""
TriumphX,TRIX,""
MOTH,MOTH,""
Cogito Finance,CGV,""
BaaSid,BAAS,""
Particl,PART,""
LandX Finance,LNDX,""
Orbit Chain,ORC,""
Rejuve.AI,RJV,""
Orbofi AI,OBI,""
DAD,DAD,""
GemHUB,GHUB,""
Vabble,VAB,""
Real Smurf Cat,SMURFCAT,""
Red Kite,PKF,""
HeFi,HEFI,""
Kylin,KYL,""
Anchor Protocol,ANC,""
Okratech Token,ORT,""
Litecoin Cash,LCC,""
Vesper,VSP,""
Idle,IDLE,""
Humanode,HMND,""
BOLT,BOLT,""
Sinverse,SIN,""
VNX Euro,VEUR,""
Alfa Romeo Racing ORLEN Fan Token,SAUBER,""
Reality Metaverse,RMV,""
ForTube,FOR,""
Cheems,CHEEMS,""
Bridge Oracle,BRG,""
Verse,VERSE,""
SolCex,SOLCEX,""
Coconut Chicken,CCC,""
Pullix,PLX,""
AXIS Token,AXIS,""
SpaceCatch,CATCH,""
BIDZ Coin,BIDZ,""
Meta Apes,PEEL,""
Everyworld,EVERY,""
Mint Club,MINT,""
PornRocket,PORNROCKET,""
Love Power Market,LPM,""
ROOBEE,ROOBEE,""
Thena,THE,""
BitForex Token,BF,""
Shezmu,SHEZMU,""
Panda Swap,PANDA,""
Inflation Hedging Coin,IHC,""
Vulcan Forged (LAVA),LAVA,""
WeWay,WWY,""
Plugin Decentralized Oracle,PLI,""
Indigo Protocol,INDY,""
SORA,XOR,""
KLEVA Protocol,KLEVA,""
Ignis,IGNIS,""
Suiswap,SSWP,""
Dypius [New],DYP,""
Linker Coin,LNC,""
TOWER,TOWER,""
Public Masterpiece Token,PMT,""
Rubic,RBC,""
Populous,PPT,""
Mozaic,MOZ,""
Titan Trading Platform,TES,""
SENSO,SENSO,""
MAGA VP,MVP,""
Deri Protocol,DERI,""
SAFE DEAL,SFD,""
Thrupenny,TPY,""
Gamestarter,GAME,""
VestChain,VEST,""
Success Kid,SKID,""
NEST Protocol,NEST,""
Mettalex,MTLX,""
Etherland,ELAND,""
Efforce,WOZX,""
Arcana Network,XAR,""
Revain,REV,""
Xaya,CHI,""
IMPT,IMPT,""
Morpheus Infrastructure Node,MIND,""
KINE,KINE,""
Forj (Bondly),BONDLY,""
Wombat Web 3 Gaming Platform,WOMBAT,""
ASTA,ASTA,""
MultiVAC,MTV,""
Morra,MORRA,""
Gains,GAINS,""
LUCA,LUCA,""
analoS,ANALOS,""
Govi,GOVI,""
Unification,FUND,""
Hillstone Finance,HSF,""
Multichain,MULTI,""
Baby Trump (BSC),BABYTRUMP,""
Reboot,GG,""
Andy on SOL,ANDY,""
Lush AI,LUSH,""
Exeedme,XED,""
Cookie,COOKIE,""
TORSY,torsy,""
Strips Finance,STRP,""
Chirpley,CHRP,""
Lattice Token,LTX,""
Etherisc DIP Token,DIP,""
Effect AI,EFX,""
ARTFI,ARTFI,""
REV3AL,REV3L,""
HUND,HUND,""
DxChain Token,DX,""
KARASOU,INTELLIQUE,""
NerveNetwork,NVT,""
Umbrella Network,UMB,""
JMPT Rewards,JMPT,""
mStable Governance Token: Meta (MTA),MTA,""
DeHub,DHB,""
Sylo,SYLO,""
Levana Protocol,LVN,""
PolkaBridge,PBR,""
Ethernity CLOUD,ECLD,""
Signum,SIGNA,""
XRP Healthcare,XRPH,""
Hosky Token,HOSKY,""
DOGAMÍ,DOGA,""
Ispolink,ISP,""
dAppstore,DAPPX,""
BizAuto,BIZA,""
Rari Governance Token,RGT,""
KiboShib,KIBSHI,""
Lithium,LITH,""
WeSendit,WSI,""
StreamCoin,STRM,""
Itheum,ITHEUM,""
MBD Financials,MBD,""
neversol,NEVER,""
Bubble,BUBBLE,""
ArkiTech,ARKI,""
Minter Network,BIP,""
BabySwap,BABY,""
Infinity PAD,IPAD,""
Blink Galaxy,GQ,""
YOUNES,YOUNES,""
NuriTopia,NBLU,""
ZooKeeper,ZOO,""
RFOX,RFOX,""
saffron.finance,SFI,""
Affyn,FYN,""
Hourglass,WAIT,""
Decentral Games,DG,""
Green Ben,EBEN,""
SpaceFalcon,FCON,""
Carnomaly,CARR,""
B-cube.ai,BCUBE,""
Subsocial,SUB,""
BULLS,BULLS,""
Cypherium,CPH,""
SALT,SALT,""
Vidya,VIDYA,""
FireStarter,FLAME,""
MetalCore,MCG,""
Coupon Assets,CA,""
Horizon Protocol,HZN,""
Thetan World,THG,""
A3S Protocol,AA,""
Gary Banking,GB,""
PureFi Protocol,UFI,""
Kommunitas,KOM,""
SHOPX,SHOPX,""
holoride,RIDE,""
GNY,GNY,""
Retreeb,TREEB,""
milestoneBased,MILE,""
Ÿ,YAI,""
Valencia CF Fan Token,VCF,""
Geeq,GEEQ,""
My DeFi Pet,DPET,""
LightLink,LL,""
HAMI,HAMI,""
MongolNFT Coin,MNFT,""
K9 Finance,KNINE,""
myDID,SYL,""
TenX,PAY,""
Battle World,BWO,""
Venus DOT,vDOT,""
MAX Exchange Token,MAX,""
Razor Network,RAZOR,""
Niza Global,NIZA,""
Integritee Network,TEER,""
xHashtag AI,XTAG,""
Revomon,REVO,""
Feathercoin,FTC,""
Wecan Group,WECAN,""
Catgirl,CATGIRL,""
Aston Martin Cognizant Fan Token,AM,""
Nabox,NABOX,""
Elitium,EUM,""
ApeBond,ABOND,""
Sheboshis,SHEB,""
SpiritSwap,SPIRIT,""
Satoshi Island,STC,""
Crypto Unicorns,CU,""
GuildFi,GF,""
Polkamarkets,POLK,""
ZUM TOKEN,ZUM,""
Bruh,BRUH,""
Minu,MINU,""
Meme Ai,MEMEAI,""
DerivaDAO,DDX,""
LBRY Credits,LBC,""
BOZO,BOZO,""
Edu3Labs,NFE,""
Hudi,HUDI,""
Renewable Energy,RET,""
Bistroo,BIST,""
Venus BCH,vBCH,""
AstroSwap,ASTRO,""
DSLA Protocol,DSLA,""
Boss Token,BOSS,""
STFX,STFX,""
Skeb Coin,SKEB,""
BiFi,BIFI,""
Mirror Protocol,MIR,""
Niftyx Protocol,SHROOM,""
Soyjak,SOY,""
Hiblocks,HIBS,""
Wicrypt,WNT,""
WaykiChain,WICC,""
ALLY,ALY,""
My Crypto Heroes,MCHC,""
BABYTRUMP,BABYTRUMP,""
Abyss,ABYSS,""
Juice Finance,JUICE,""
Laqira Protocol,LQR,""
Uno Re,UNO,""
Heroes Chained,HEC,""
Sperax USD,USDs,""
Leverj Gluon,L2,""
FIBOS,FO,""
Bware,INFRA,""
Dingocoin,DINGO,""
GoCrypto Token,GOC,""
UniLayer,LAYER,""
Galaxis,GALAXIS,""
Lympo,LYM,""
Veritise,VTS,""
Algebra,ALGB,""
DexToro,DTORO,""
ChainGuardians,CGG,""
hiPENGUINS,HIPENGUINS,""
Seascape Crowns,CWS,""
LoungeM,LZM,""
Calamari Network,KMA,""
VisionGame,VISION,""
Streamity,STM,""
TiFi Token,TIFI,""
MintMe.com Coin,MINTME,""
PEAKDEFI,PEAK,""
ELMOERC,ELMO,""
Thorstarter,XRUNE,""
suterusu,SUTER,""
Kaizen Finance,KZEN,""
AurusX,AX,""
PLATINCOIN,PLC,""
HyperCash,HC,""
Edgeware,EDG,""
Element,ELMT,""
VNX Gold,VNXAU,""
Monsta Infinite,MONI,""
CatSolHat,SOLCAT,""
Vexanium,VEX,""
EXMO Coin,EXM,""
OneFinity,ONE,""
Safe Haven,SHA,""
OpenDAO,SOS,""
Pillar,PLR,""
Leeds United Fan Token,LUFC,""
Reflexer Ungovernance Token,FLX,""
Ycash,YEC,""
Walken,WLKN,""
MeowCat,MEOW,""
Neurahub,NEURA,""
Vestate,VES,""
KittenWifHat,KITTENWIF,""
FEAR,FEAR,""
VelasPad,VLXPAD,""
BitCone,CONE,""
DAFI Protocol,DAFI,""
ILCOIN,ILC,""
Auto,AUTO,""
Bird.Money,BIRD,""
Monavale,MONA,""
Fabwelt,WELT,""
Blocto Token,BLT,""
Interlay,INTR,""
King Shiba,KINGSHIB,""
Pussy Financial,PUSSY,""
Fuku-Kun,FUKU,""
DeFrogs,DEFROGS,""
Green Shiba Inu [New],GINUX,""
LootBot,LOOT,""
The Coop Network,GMD,""
DADDY TRUMP,TADDY,""
UTYABSWAP,UTYAB,""
FidexToken,FEX,""
Idena,IDNA,""
DOGGY,DOGGY,""
Phoenixcoin,PXC,""
Plastiks,PLASTIK,""
MindAI,MDAI,""
BullPerks,BLP,""
Waltonchain,WTC,""
VEMP,VEMP,""
PUTinCoin,PUT,""
Cantina Royale,CRT,""
"0xBitcoin","0xBTC",""
Planet Mojo,MOJO,""
Hot Cross,HOTCROSS,""
Oddz,ODDZ,""
Rainbow Token,RBW,""
Baby,BABY,""
SafeBlast,BLAST,""
SafeMoon Inu,SMI,""
EVRYNET,EVRY,""
DeFi,DEFI,""
LitLab Games,LITT,""
HoDooi.com,HOD,""
DEEPSPACE,DPS,""
TAIKAI,TKAI,""
Young Boys Fan Token,YBO,""
Internet of Energy Network,IOEN,""
BitCore,BTX,""
O3 Swap,O3,""
MetaDOS,SECOND,""
Flixxo,FLIXX,""
Pepoclown,HONK,""
Long,LONG,""
Donut,DONUT,""
NFTb,NFTB,""
Trog,TROG,""
HanChain,HAN,""
Integral,ITGR,""
InsurAce,INSUR,""
JulSwap,JULD,""
Portuma,POR,""
XMON,XMON,""
Sekuya Multiverse,SKYA,""
OneRare Foodverse,ORARE,""
MAPS,MAPS,""
Captain Tsubasa,TSUGT,""
Haven Protocol,XHV,""
SOUNI,SON,""
Monetha,MTH,""
Zeitgeist,ZTG,""
sunpepe,SUNPEPE,""
ZeroSwap,ZEE,""
Virtue Poker,VPP,""
Noggles,NOGS,""
MNet Pioneer,NEER,""
Garlicoin,GRLC,""
Exverse,EXVG,""
StoryFire,BLAZE,""
Unix Gaming,UNIX,""
OneArt,"1ART",""
Polylastic,POLX,""
The Dons,DONS,""
Drep [new],DREP,""
KEK,KEKE,""
Biometric Financial,BIOFI,""
Ormeus Ecosystem,ECO,""
EGO,EGO,""
SparkPoint,SRK,""
Coinye West,COINYE,""
YAM V3,YAM,""
CryptoZoon,ZOON,""
Yield App,YLD,""
Tranche Finance,SLICE,""
FedoraCoin,TIPS,""
What's Updog,UPDOG,""
OpenWorld,OPEN,""
eXPerience Chain,XPC,""
PirateCash,PIRATE,""
Clube Atlético Mineiro Fan Token,GALO,""
Freeway Token,FWT,""
Launchblock.com,LBP,""
Tune.FM,JAM,""
CEREAL,CEP,""
XCarnival,XCV,""
FOMO BULL CLUB,FOMO,""
Drawshop Kingdom Reverse,JOY,""
TRAVA.FINANCE,TRAVA,""
Convergence,CONV,""
Etho Protocol,ETHO,""
UFOPepe,UFO,""
Rook,ROOK,""
AME Chain,AME,""
Position Exchange,POSI,""
ZELIX,ZELIX,""
Natus Vincere Fan Token,NAVI,""
Syncus,SYNC,""
HollyGold,HGOLD,""
BHO Network,BHO,""
Belt Finance,BELT,""
Ideaology,IDEA,""
Cleo Tech,CLEO,""
BitcoinZ,BTCZ,""
Legia Warsaw Fan Token,LEG,""
PAC Protocol,PAC,""
ISLAMICOIN,ISLAMI,""
OneLedger,OLT,""
SHILL Token,SHILL,""
Metrix Coin,MRX,""
Base Protocol,BASE,""
All.Art Protocol,AART,""
Hord,HORD,""
Bitune,TUNE,""
Brazil National Football Team Fan Token,BFT,""
aiRight,AIRI,""
REKT,$REKT,""
Spore,SPORE,""
Wombat Exchange,WOM,""
Arcade,ARC,""
Binamon,BMON,""
Sao Paulo FC Fan Token,SPFC,""
Eldarune,ELDA,""
Zero,ZER,""
Residual Token,eRSDL,""
RioDeFi,RFUEL,""
Epiko,EPIKO,""
Spores Network,SPO,""
ADAPad,ADAPAD,""
Elemon,ELMON,""
Football World Community,FWC,""
Throne,THN,""
Nord Finance,NORD,""
Arcona,ARCONA,""
UBIX.Network,UBX,""
ETHPad,ETHPAD,""
Exactly Protocol,EXA,""
Humaniq,HMQ,""
Aimedis (new),AIMX,""
pNetwork,PNT,""
Gather,GTH,""
Blockchain Monster Hunt,BCMC,""
Meme Alliance,MMA,""
MoneroV,XMV,""
Cirus Foundation,CIRUS,""
Atomic Wallet Coin,AWC,""
Coinsbit Token,CNB,""
ZClassic,ZCL,""
MILLI,MILLI,""
XY Finance,XY,""
SolarX,SXCH,""
Bitgesell,BGL,""
Crust Shadow,CSM,""
LOCGame,LOCG,""
Prism,PRISM,""
Metaverse Face,MEFA,""
WOOF,WOOF,""
Rainmaker Games,RAIN,""
Nordek,NRK,""
İstanbul Başakşehir Fan Token,IBFK,""
Woonkly Power,WOOP,""
Scotty Beam,SCOTTY,""
Plant Vs Undead,PVU,""
Wall Street Games,WSG,""
CloakCoin,CLOAK,""
Tethereum,T99,""
Spartan Protocol,SPARTA,""
Zap,ZAP,""
BLink,BLINK,""
PUMLx,PUMLX,""
Castle of Blackwater,COBE,""
Omchain,OMC,""
SifChain,erowan,""
STARSHIP,STARSHIP,""
Nafter,NAFT,""
SELO+,SELO,""
Millonarios FC Fan Token,MFC,""
Lyra,LYRA,""
Neutrino System Base Token,NSBT,""
DOGWIFHOOD,WIF,""
Glitch,GLCH,""
NFT Art Finance,NFTART,""
XTRABYTES,XBY,""
Loser Coin,LOWB,""
Spain National Fan Token,SNFT,""
Qrkita Token,QRT,""
Team Heretics Fan Token,TH,""
Sumokoin,SUMO,""
Revolve Games,RPG,""
Earn Network,EARN,""
ROD.AI,RODAI,""
HempCoin,THC,""
Icon.X World,ICNX,""
Monsterra (MSTR),MSTR,""
BonusCloud,BXC,""
Eden,EDEN,""
Azbit,AZ,""
Dreams Quest,DREAMS,""
RIZON,ATOLO,""
Avocado DAO Token,AVG,""
Odin Protocol,ODIN,""
Maro,MARO,""
Palette,PLT,""
Protocol Monsters,PMON,""
EUNO,EUNO,""
PlotX,PLOT,""
SELF Crypto,SELF,""
Modefi,MOD,""
DEXA COIN,DEXA,""
Hedget,HGET,""
Chronicle,XNL,""
Kaby Arena,KABY,""
Metaverser,MTVT,""
Callisto Network,CLO,""
Playermon,PYM,""
Fruits,FRTS,""
Veil,VEIL,""
AgeOfGods,AOG,""
Gemach,GMAC,""
AtromG8,AG8,""
KCCPAD,KCCPAD,""
Cat Token,CAT,""
Legends of Elysium,LOE,""
TomTomCoin,TOMS,""
Sonic The Goat,GOAT,""
DomRaider,DRT,""
YAWN,$YAWN,""
Tenti,AIRTNT,""
Kingdomverse,KING,""
Rug World Assets,RWA,""
Parachute,PAR,""
Quark,QRK,""
DIGG,DIGG,""
Baby Neiro Token,BABYNEIRO,""
OIN Finance,OIN,""
Olyverse,OLY,""
Kripto koin,KRIPTO,""
REGENT COIN,REGENT,""
KISSAN,KSN,""
Mars Battle,SHOOT,""
All In,ALLIN,""
Cyclone Protocol,CYC,""
Professional Fighters League Fan Token,PFL,""
Bitcoin Plus,XBC,""
Mars Token,MRST,""
Konomi Network,KONO,""
The Moon Metaverse,"2MOON",""
"4P FOUR",FOUR,""
The Unfettered Ecosystem,SOULS,""
WaifuAI,WFAI,""
Artisse,CATHEON,""
OctoFi,OCTO,""
Wall Street Games (old),WSG,""
Alanyaspor Fan Token,ALA,""
Shib Original Vision,SOV,""
IguVerse,IGU,""
MetaQ,METAQ,""
Papi,PAPI,""
Don-key,DON,""
Unido EP,UDO,""
Grape,GRP,""
Play Token,PLAY,""
SYNC Network,SYNC,""
StrongHands,SHND,""
Kattana,KTN,""
Dexlab,DXL,""
Venus Reward Token,VRT,""
Hyperblox,HPB,""
CryptEx,CRX,""
KubeCoin,KUBE,""
Tiger King Coin,TKING,""
RunesBridge,RB,""
Fringe Finance,FRIN,""
Moonft,MTC,""
BlockWallet,BLANK,""
HarryPotterObamaPacMan8Inu,XRP,""
Genaro Network,GNX,""
Donkey King,DOKY,""
CryptoBlades,SKILL,""
Inex Project,INEX,""
LABS Group,LABS,""
TE-FOOD,TONE,""
MurAll,PAINT,""
AiMalls,AIT,""
Acquire.Fi,ACQ,""
KALM,KALM,""
Opium,OPIUM,""
Nemesis Downfall,ND,""
HyperChainX,HYPER,""
BullBear AI,AIBB,""
The QWAN,QWAN,""
Chain of Legends,CLEG,""
PERL.eco,PERL,""
Brokoli Network,BRKL,""
Neurashi,NEI,""
Scalia Infrastructure,SCALE,""
Oxygen,OXY,""
Hyve,HYVE,""
yieldwatch,WATCH,""
Gold,GOLD,""
Aurigami,PLY,""
Pleasure Coin,NSFW,""
Wizardia,WZRD,""
Bitswift,BITS,""
hiENS3,HIENS3,""
Eggdog,EGG,""
Hush,HUSH,""
Signata,SATA,""
PowerTrade Fuel,PTF,""
Gemie,GEM,""
UNICE,UNICE,""
BeamSwap,GLINT,""
Strong,STRONG,""
Tokoin,TOKO,""
Kryptomon,KMON,""
Goldcoin,GLC,""
Decentr,DEC,""
Metagalaxy Land,MEGALAND,""
Silva Token,SILVA,""
Spellfire,SPELLFIRE,""
Team Vitality Fan Token,VIT,""
StakeCubeCoin,SCC,""
CoTrader,COT,""
Token IN,TIN,""
Shirtum,SHI,""
Nutcoin,NUT,""
Handy,HANDY,""
Ninneko,NINO,""
X,X,""
ElvishMagic,EMAGIC,""
Helmet.insure,HELMET,""
Peanut,NUX,""
SaTT,SATT,""
MetaSoccer,MSU,""
MOVEZ,MOVEZ,""
Dogy,DOGY,""
XcelPay,XLD,""
Hunter Token / Digital Arms,HNTR,""
Zelwin,ZLW,""
Forest Knight,KNIGHT,""
Corite,CO,""
GamesPad,GMPD,""
Binemon,BIN,""
XP NETWORK,XPNET,""
DuckDaoDime,DDIM,""
S4FE,S4F,""
Petals,PTS,""
Caitlyn Jenner (ETH),JENNER,""
Ojamu,OJA,""
Bridge Mutual,BMI,""
Dragon Kart,KART,""
Eminer,EM,""
Dentacoin,DCN,""
Graviocoin,GIO,""
Oggy Inu (BSC),OGGY,""
IOI Token,IOI,""
"88mph",MPH,""
Oggy Inu (ETH),OGGY,""
Massnet,MASS,""
Bufficorn,BUFFI,""
Empty Set Dollar,ESD,""
MetamonkeyAi,MMAI,""
Karat,KAT,""
Make America Based Again,MABA,""
Trollcoin,TROLL,""
New BitShares,NBS,""
KingdomStarter,KDG,""
Wonderman Nation,WNDR,""
BlackHat,BLKC,""
Stake DAO,SDT,""
Step®,STEP,""
Mist,MIST,""
DOGEMOB,DOGEMOB,""
PearDAO,PEX,""
IDRX,IDRX,""
Based Shiba Inu,BSHIB,""
EXGOLAND,EXGO,""
ShredN,SHRED,""
Wolf Safe Poor People,WSPP,""
ApeSwap,BANANA,""
Kangal,KANGAL,""
Infinity Games,ING,""
POLKER,PKR,""
AcknoLedger,ACK,""
Golos Blockchain,GLS,""
x42 Protocol,X42,""
TemDAO,TEM,""
RealFevr,FEVR,""
Kava Swap,SWP,""
CyberVein,CVT,""
Duckies,the canary network for Yellow,DUCKIES
BLOX,BLOX,""
Refereum,RFR,""
bAlpha,BALPHA,""
Autobahn Network,TXL,""
My Master War,MAT,""
Lunar,LNR,""
Jetcoin,JET,""
KING,KING,""
Little Rabbit v2,LTRBT,""
DEVAI,"0XDEV",""
OceanEx Token,OCE,""
Linked Finance World,LFW,""
Alvara Protocol,ALVA,""
GrabCoinClub,GC,""
Furucombo,COMBO,""
Shackleford,SHACK,""
CyberFi Token,CFi,""
Life Crypto,LIFE,""
Float Protocol (Bank),BANK,""
ASPO World,ASPO,""
Pacoca,PACOCA,""
CryptoTycoon,CTT,""
NextDAO,NAX,""
ZAIBOT,ZAI,""
SynchroBitcoin,SNB,""
Nvidia Inu,NINU,""
Solzilla,SOLZILLA,""
Internxt,INXT,""
uPlexa,UPX,""
Carbon,CARBON,""
PulsePad,PLSPAD,""
Raze Network,RAZE,""
BTRIPS,BTR,""
Sint-Truidense Voetbalvereniging Fan Token,STV,""
LINKA,LINKA,""
MetaFighter,MF,""
Idavoll DAO,IDV,""
CZ THE GOAT,CZGOAT,""
HashBX,HBX,""
NFTrade,NFTD,""
Gravity Finance,GFI,""
Damex Token,DAMEX,""
Digital Reserve Currency,DRC,""
Ruff,RUFF,""
FaraLand,FARA,""
Goons of Balatroon,GOB,""
Salad,SALD,""
Mithril,MITH,""
Agatech,AGATA,""
GameCredits,GAME,""
Coreto,COR,""
Papu Token,PAPU,""
Fortuna Sittard Fan Token,FOR,""
Swop,SWOP,""
OpenBlox,OBX,""
L7,LSD,""
Databroker,DTX,""
HEROcoin,PLAY,""
Roush Fenway Racing Fan Token,ROUSH,""
Value Liquidity,VALUE,""
MakiSwap,MAKI,""
AGA Token,AGA,""
Playcent,PCNT,""
Ravencoin Classic,RVC,""
SAITAMA INU,SAITAMA,""
LiteDoge,LDOGE,""
Dawn Protocol,DAWN,""
Virtual Versions,VV,""
Club Atletico Independiente,CAI,""
Meme Cup,MEMECUP,""
NeverSurrenderOne's,NSO,""
CryptoSoul,SOUL,""
DEXGame,DXGM,""
Acorn Protocol,ACN,""
X-CASH,XCASH,""
Deutsche eMark,DEM,""
Centaur,CNTR,""
GoWithMi,GMAT,""
Defina Finance,FINA,""
Dinamo Zagreb Fan Token,DZG,""
TrueFeedBack,TFBX,""
CRYPTO20,C20,""
Basis Cash,BAC,""
Petoshi,PETOSHI,""
hiENS4,HIENS4,""
Mytheria,MYRA,""
disBalancer,DDOS,""
DonaSwap,DONA,""
Tidal Finance,TIDAL,""
Levante U.D. Fan Token,LEV,""
Centric Swap,CNS,""
hiBEANZ,HIBEANZ,""
Hero Blaze: Three Kingdoms,MUDOL2,""
PengyOS,POS,""
Pascal,PASC,""
DeFine,DFA,""
Swerve,SWRV,""
Nerve Finance,NRV,""
ChronoBase,TIK,""
Kalao,KLO,""
Alliance Fan Token,ALL,""
YFDAI.FINANCE,YF-DAI,""
SNOOPYBABE,SBABE,""
Tulip Protocol,TULIP,""
Jarvis Network,JRT,""
TitanSwap,TITAN,""
Atlas Protocol,ATP,""
Triall,TRL,""
"8PAY","8PAY",""
Coldstack,CLS,""
Dragonball Z Tribute,DBZ,""
TokenBot,TKB,""
FYDcoin,FYD,""
Propel,PEL,""
Ritocoin,RITO,""
Realvirm,RVM,""
OnGO,FTG,""
Hawksight,HAWK,""
Darwinia Commitment Token,KTON,""
Beyond Protocol,BP,""
Orion Money,ORION,""
MotaCoin,MOTA,""
Nyzo,NYZO,""
SakeToken,SAKE,""
hiFRIENDS,HIFRIENDS,""
EveryCoin,EVY,""
Teloscoin,TELOS,""
Swingby,SWINGBY,""
Solrise Finance,SLRS,""
FreedomCoin,FREED,""
DOSE,DOSE,""
Gunstar Metaverse,GSTS,""
DeFiner,FIN,""
Cook Finance,COOK,""
Xeno Token,XNO,""
The HUSL,HUSL,""
Tate Stop,TME,""
Universidad de Chile Fan Token,UCH,""
DinoSwap,DINO,""
CropperFinance,CRP,""
Mochi Market,MOMA,""
Apron Network,APN,""
XcelToken Plus,XLAB,""
Polinate,POLI,""
PolkaWar,PWAR,""
APYSwap,APYS,""
Evadore,EVA,""
Lanceria,LANC,""
Finxflo,FXF,""
Traxx,TRAXX,""
Golff,GOF,""
Elpis Battle,EBA,""
Seigniorage Shares,SHARE,""
Cashtree Token,CTT,""
Art de Finance,ADF,""
Shadows,DOWS,""
ReapChain,REAP,""
Dexsport,DESU,""
Terran Coin,TRR,""
Finblox,FBX,""
SnowSwap,SNOW,""
Axis DeFi,AXIS,""
Davis Cup Fan Token,DAVIS,""
Refinable,FINE,""
IG Gold,IGG,""
Peruvian National Football Team Fan Token,FPFT,""
Godcat Exploding Kittens,GODCAT,""
Genesis Shards,GS,""
Governor DAO,GDAO,""
The Crypto Prophecies,TCP,""
Vodra,VDR,""
Apollon Limassol,APL,""
MAGE,MAGE,""
Genesis Worlds,GENESIS,""
Sentinel Chain,SENC,""
KeyFi,KEYFI,""
Ares Protocol,ARES,""
Aluna.Social,ALN,""
SONM (BEP-20),SNM,""
April,APRIL,""
Creaticles,CRE8,""
Fractal ID,FCL,""
Bowled.io,BWLD,""
e-Money,NGM,""
EasyFi,EZ,""
WOWswap,WOW,""
Phoenix Token,PHX,""
Hashgard,GARD,""
ZENZO,ZNZ,""
FrontFanz,FANX,""
KOK,KOK,""
Novara Calcio Fan Token,NOV,""
Castweet,CTT,""
DeHive,DHV,""
Blockchain Cuties Universe Governance,BCUG,""
MoneySwap,MSWAP,""
YENTEN,YTN,""
Ubex,UBEX,""
ROCKI,ROCKI,""
Argon,ARGON,""
Bunicorn,BUNI,""
ZumCoin,ZUM,""
Crypto Sports Network,CSPN,""
IQ Protocol,IQT,""
ShopNEXT,NEXT,""
Neblio,NEBL,""
Duck DAO (DLP Duck Token),DUCK,""
SmartCash,SMART,""
Noir,NOR,""
PRivaCY Coin,PRCY,""
Bolivarcoin,BOLI,""
TheForce Trade,FOC,""
Nerd AI,NERD,""
Amazy,AZY,""
Ekta,EKTA,""
Galaxy Fight Club,GCOIN,""
Busy DAO,BUSY,""
Shard,SHARD,""
BidiPass,BDP,""
Curate,XCUR,""
Sakura,SKU,""
KamPay,KAMPAY,""
Blockburn,BURN,""
Swap,XWP,""
The Corgi of PolkaBridge,CORGIB,""
Pawtocol,UPI,""
"404Aliens","404A",""
FantomStarter,FS,""
FXDX,FXDX,""
Billion Happiness,BHC,""
Yield Protocol,YIELD,""
Rapidz,RPZX,""
NevaCoin,NEVA,""
Berry Data,BRY,""
Sypool,SYP,""
Opacity,OPCT,""
hiMOONBIRDS,HIMOONBIRDS,""
DinoX,DNXC,""
Bitteam token,BTT,""
ADreward,AD,""
COGI,COGI,""
Zoracles,ZORA,""
TotemFi,TOTM,""
Verso,VSO,""
Rublix,RBLX,""
SPORT,SPORT,""
WagyuSwap,WAG,""
AdaSwap,ASW,""
NFTY Token,NFTY,""
DORK LORD,DLORD,""
Zyberswap,ZYB,""
MetaverseX,METAX,""
Pancake Bunny,BUNNY,""
LiquidApps,DAPP,""
Polis,POLIS,""
Shopping.io,SHOP,""
POLKARARE,PRARE,""
ETHA Lend,ETHA,""
Plasma Finance,PPAY,""
SKYPlay,SKP,""
BitcoinPoS,BPS,""
Catman,CATMAN,""
SugarBounce,TIP,""
Rigel Protocol,RGP,""
Scrypta,LYRA,""
Sable Finance,SABLE,""
BetU,BETU,""
Misbloc,MSB,""
Sator,SAO,""
Spaceswap MILK2,MILK2,""
Jade Currency,JADE,""
Lokr,LKR,""
MMOCoin,MMO,""
Fivebalance,FBN,""
Step Hero,HERO,""
Kawaii Islands,KWT,""
Smoothy,SMTY,""
ORAO Network,ORAO,""
AirNFTs,AIRT,""
Gourmet Galaxy,GUM,""
MELX,MEL,""
Flashstake,FLASH,""
BoutsPro,BOUTS,""
CryptoTanks,TANK,""
hiSEALS,HISEALS,""
RED TOKEN,RED,""
Jigstack,STAK,""
Snowball,SNOB,""
BEMIL Coin,BEM,""
EarthFund,"1EARTH",""
Goose Finance,EGG,""
Spume Protocol,SPUME,""
Shiba Saga,SHIA,""
Mrweb Finance (new),AMA,""
ShoeFy,SHOE,""
CorionX,CORX,""
PYRO Network,PYRO,""
Gossip Coin,GOSS,""
Metaverse VR v2,MEVRV2,""
Deenar,DEEN,""
Rune,RUNE,""
TrezarCoin,TZC,""
BitBall,BTB,""
Synthetify,SNY,""
Drops Ownership Power,DOP,""
Knit Finance,KFT,""
BeatzCoin,BTZC,""
Phore,PHR,""
PhoenixDAO,PHNX,""
Timechain Swap Token,TCS,""
Alpha Token,A,""
MetaShooter,MHUNT,""
WorkQuest Token,WQT,""
Shield Protocol,SHIELD,""
Twinci,TWIN,""
Ancient Kingdom,DOM,""
Nitro Network,NCash,""
BonFi,BNF,""
Soldex,SOLX,""
Nsure.Network,NSURE,""
Azuki,AZUKI,""
Neutra Finance,NEU,""
Era Token (Era7),ERA,""
Gamerse,LFG,""
NativeCoin,N8V,""
Project TXA,TXA,""
Chimpion,BNANA,""
GeoDB,GEO,""
Uptrennd,"1UP",""
Tachyon Protocol,IPX,""
LGCY Network,LGCY,""
NeoNomad,NNI,""
Innovative Bioresearch Coin,INNBC,""
Dogeswap,DOGES,""
SafeCapital,SCAP,""
UNICORN Token,UNI,""
Rage Fan,RAGE,""
beFITTER,FIU,""
extraDNA,XDNA,""
Alphr finance,ALPHR,""
PrivaCoin,PRVC,""
Sportcash One,SCONEX,""
Tokenbox,TBX,""
NuriFootBall,NRFB,""
Atmos,ATMOS,""
Paybswap,PAYB,""
JOOPS,JOOPS,""
PlanetWatch,PLANETS,""
SparkPoint Fuel,SFUEL,""
Hertz Network,HTZ,""
Lithosphere,LITHO,""
Moniwar,MOWA,""
SORA Validator Token,VAL,""
Islander,ISA,""
NBX,BYN,""
Skyrim Finance,SKYRIM,""
Gaj Finance,GAJ,""
Lucretius,LUC,""
Innova,INN,""
BeNFT Solutions,BeAI,""
FUZE Token,FUZE,""
blockbank,BBANK,""
Vivo,VIVO,""
Platypus Finance,PTP,""
Kuverit,KUV,""
Gem Exchange and Trading,GXT,""
Warena,RENA,""
Formation Fi,FORM,""
Swirge,SWG,""
Luna Rush,LUS,""
Scholarship Coin,SCHO,""
Cryptopolis,CPO,""
Donu,DONU,""
Decentral Games ICE,ICE,""
Elementeum,ELET,""
Grimm,GRIMM,""
AFEN Blockchain Network,AFEN,""
OptionRoom,ROOM,""
Landbox,LAND,""
Bitball Treasure,BTRS,""
SeChain,SNN,""
MDtoken,MDTK,""
Bitspawn,SPWN,""
Knight War - The Holy Trio,KWS,""
Pixer Eternity,PXT,""
Operation Phoenix,$OPHX,""
Guider,GDR,""
Indexed Finance,NDX,""
UniFarm,UFARM,""
Sphere,SXS,""
Defis,XGM,""
Axe,AXE,""
SPRINT,SWP,""
Martkist,MARTK,""
Acoin,ACOIN,""
BSClaunch,BSL,""
NestEGG Coin,EGG,""
YouSUI,XUI,""
Mate,MATE,""
Connectome,CNTM,""
AquariusCoin,ARCO,""
CareCoin,CARE,""
CRDT,CRDT,""
Kemacoin,KEMA,""
Lead Wallet,LEAD,""
KZ Cash,KZC,""
Crystal Token,CYL,""
ETNA Network,ETNA,""
FBX by KXCO,FBX,""
Mesefa,SEFA,""
YVS.Finance,YVS,""
PIAS,PIAS,""
Cubiex Power,CBIX-P,""
ECOSC,ECU,""
PREMA,PRMX,""
S.Finance,SFG,""
STAKE,STAKE,""
Aeron,ARNX,""
ZCore (old),ZCR,""
Wolf Safe Poor People (Polygon),WSPP,""
RUSH COIN,RUSH,""
HXAcoin,HXA,""
HaloDAO,RNBW,""
YFFII Finance,YFFII,""
Tether USD Bridged ZED20,USDT.z,""
Ethereum Bridged ZED20,ETH.z,""
SATS (Ordinals),SATS,""
Jupiter Perps LP,JLP,""
HTX,HTX,""
Moneta Digital,MMXN,""
Orderly Network,ORDER,""
Pixelverse,PIXFI,""
Ethervista,VISTA,""
rats (Ordinals),rats,""
First Neiro On Ethereum,NEIRO,""
PUGGY Coin,PUGGY,""
Moca Network,MOCA,""
USD+,USD+,""
Fautor,FTR,""
Fimarkcoin,FMC,""
HugeWin,HUGE,""
R-DEE Protocol Token,RDGX,""
Atsuko Sato,SATO,""
XRADERS,XR,""
XT.com Token,XT,""
Kamala Harris (kamalaharristoken.xyz),HARRIS,""
Pizza (Ordinals),PIZZA,""
Wrapped Dog,WDOG,""
Savings Dai,SDAI,""
Masa,MASA,""
Cryptonex,CNX,""
Gems,GEMS,""
wstUSDT,WSTUSDT,""
MetaCene,MAK,""
XT Stablecoin XTUSD,XTUSD,""
Frax Finance - Frax Ether,FRXETH,""
MUNCAT,MUNCAT,""
Sun Wukong,WUKONG,""
UZX,UZX,""
ZChains,ZCD,""
Lunarlens coin,LUNARLENS,""
Smoking Chicken Fish,SCF,""
SUNCAT,SUNCAT,""
CAT (SOL),CAT,""
SuperCells,SCT,""
FIGHT TO MAGA,FIGHT,""
BEBE,BEBE,""
Bitcoin Cats,"1CAT",""
OX Coin,OX,""
Elumia Crowns,ELU,""
Doland Tremp,TREMP,""
BlackPearl Token,BPLC,""
Zeus Network,ZEUS,""
Cyber Arena,CAT,""
Cloud,CLOUD,""
APES,APES,""
Meson Network,MSN,""
LumiWave,LWA,""
QuantixAI,QAI,""
NADA Protocol Token,NADA,""
TYBENG,TYBENG,""
GUMMY,GUMMY,""
smolecoin,SMOLE,""
RYO Coin,RYO,""
Layer3,L3,""
Altered State Token,ASTO,""
Athena DexFi,ATH,""
Gold Toad Token,TOTO,""
rocky,ROCKY,""
UbitEx,UB,""
Neiro Solana (neirobropump.com),NEIRO,""
Pundu,PUNDU,""
r/snoofi,R/SNOOFI,""
Mode,MODE,""
AUSD,AUSD,""
Caduceus Protocol (new),CAD,""
Metabit Network,BMTC,""
RUNES·X·BITCOIN,X,""
WhiteBIT Coin,WBT,""
Saros,SAROS,""
Foxy,FOXY,""
Sanko GameCorp,DMT,""
SMILEY,SMILEY,""
Ape and Pepe,APEPE,""
Tron Bull,BULL,""
AVACOIN,AVACN,""
"2024PUMP",PUMP,""
Real Nigger Tate,RNT,""
Wojak,WOJAK,""
Gala Music,MUSIC,""
Kamino Finance,KMNO,""
P2P Solutions foundation,P2PS,""
USDP Stablecoin,USDP,""
Spacemesh,SMH,""
Mr Miggles,MIGGLES,""
Shitcoin (SOL),SHIT,""
VISTA,VISTA,""
pepe in a memes world,PEW,""
SNAP,$NAP,""
Keyboard Cat,KEYCAT,""
Huobi Dog,WOOF,""
Ordiswap,ORDS,""
INTOverse,TOX,""
PDX Coin,PDX,""
Anzen Finance,USDZ,""
Usual Stablecoin,USD0,""
Flappymoonbird,FMB,""
LBK,LBK,""
TurtSat,TURT,""
Cyber Crowd Chain,CCC,""
Fast And Ai,FASTAI,""
Analysoor,ZERO,""
To The Sun,SUNPUMP,""
Mice (Ordinals),MICE,""
JC Coin,JCC,""
Chitan,CHITAN,""
Seal,SEAL,""
XUSD,XUSD,""
Sharpe AI,SAI,""
CatGPT,CATGPT,""
Styleo Coin,STC,""
Doodoo,DOODOO,""
MONGY,MONGY,""
RSIC•GENESIS•RUNE,RUNECOIN,""
Safe Road Club AI,SRC,""
Paragon,PGN,""
SmartWorld Global,SWGT,""
Dark MAGA,DMAGA,""
Zetrix,ZETRIX,""
Resistance Dog,REDO,""
Philtoken,PHIL,""
MMX,MMX,""
TitanX,TITANX,""
Note,NOTE,""
GHO,GHO,""
Bityuan,BTY,""
Bitcoin Bridged ZED20,BTC.z,""
Arbi Pepe,PEPE,""
Avive World,AVIVE,""
Seed.Photo,SEED,""
BlastUP,BLASTUP,""
APF coin,APFC,""
Zuzalu Inu,ZUZALU,""
Quark (Atomicals),QUARK,""
Spectral,SPEC,""
Whales Market,WHALES,""
Trillioner,TLC,""
Everclear,NEXT,""
XEN Crypto,XEN,""
TENET,TENET,""
Ozone Metaverse,OZONE,""
ChatAI Token,CHATAI,""
USD Coin Bridged ZED20,USDC.z,""
xPET tech,XPET,""
UBIT,UBIT,""
Dragon Sun,DRGN,""
lisUSD,lisUSD,""
JUNGLEDOGE,JUNGLE,""
DexNet,DEXNET,""
Satoshi Airline,JET,""
Department Of Government Efficiency (ETH),DOGE,""
Phemex Token,PT,""
Vow,VOW,""
BasedAI,BASEDAI,""
TUBES,TUBES,""
Camelot Token,GRAIL,""
Sonorus,SNS,""
Peng,PENG,""
SLEX Token,SLEX,""
MELD,MELD,""
Puffy,$PUFFY,""
Moonwell,WELL,""
LayerAI,LAI,""
Doogle,DOOGLE,""
Metababy,BABY,""
TronDog,TRONDOG,""
Slash Vision Labs,SVL,""
EscoinToken,ELG,""
donotfomoew,MOEW,""
Elixir deUSD,DEUSD,""
WorldBrain Coin,WBC,""
Love Earn Enjoy,LEE,""
"4",FOUR,""
Xodex,XODEX,""
Diamond Castle,DMCK,""
PINs Network Token,PINS,""
Massive Protocol,MAV,""
Cellana Finance,CELL,""
Binancedog,BINANCEDOG,""
Joseon Mun,JSM,""
Aura,AURA,""
Jason Derulo,JASON,""
MawCAT,MAW,""
Sora,SORA,""
Pika Protocol,PIKA,""
Dovi(Ordinals),Dovi,""
VENKO,$VENKO,""
MetaToken,MTK,""
Serenity Shield,SERSH,""
Flying Avocado Cat,FAC,""
Autonolas,OLAS,""
SelfieDogCoin,SELFIE,""
UNIUM,UNM,""
Rock Dao,ROCK,""
Ken,KEN,""
BRC20.com,.COM,""
Zeta,ZEX,""
Smart Block Chain City,SBCC,""
META PLUS TOKEN,MTS,""
Fjord Foundry,FJO,""
Banana Tape Wall,BTW,""
Port3 Network,PORT3,""
Metacoin,MTC,""
The Doge NFT,DOG,""
Memetic / PepeCoin,MEME,""
Colon,COLON,""
Engines of Fury,FURY,""
Berry,BERRY,""
Bitcoin EDenRich,BITBEDR,""
IQ50,IQ50,""
Rabbit,RAB,""
Digital Financial Exchange,DIFX,""
INVITE Token,INVITE,""
Retik Finance,RETIK,""
Libra Incentix,LIXX,""
WATER,$WATER,""
SIGMA,SIGMA,""
ThoreCoin,THR,""
Dollar,DOLLAR,""
MEW WOOF DAO,MWD,""
DOLA,DOLA,""
Ski Mask Dog,SKI,""
ZUZU,ZUZU,""
Tsutsuji,TSUJI,""
lolcat,cats,""
Nim Network,NIM,""
MOG PEPE,PEPE,""
Peapods Finance,PEAS,""
Rosecoin,ROSE,""
Book of Ethereum,BOOE,""
Landwolf 0x67,WOLF,""
Gold Standard,BAR,""
Living the Dream,LTD,""
Smell Token,SML,""
MATAR AI,MATAR,""
USD Coin (Wormhole),USDC(WormHole),""
Tour Billion,TBC,""
Ready to Fight,RTF,""
Wisdomise AI,WSDM,""
Pando,PANDO,""
mfercoin,$mfer,""
Source,SOURCE,""
FreeBnk,FRBK,""
NOT,CAT,""
CrossFi,XFI,""
BitStable,BSSB,""
Kitty AI,KITTY,""
Poodlana,POODL,""
PayNet Coin,PAYN,""
Zack Morris,ZACK,""
Electronic USD,eUSD,""
Boomer,BOOMER,""
Worldwide USD,WUSD,""
Kamala Horris,KAMA,""
FEAR NOT,FEARNOT,""
Forgotten Playland,FP,""
Love Hate Inu,LHINU,""
Mountain Protocol,USDM,""
Elephant Money (TRUNK),TRUNK,""
Smart Reward Token,SRT,""
Abyss World,AWT,""
Intelly,INTL,""
DogeSwap,DOG,""
Nigella Coin,NIGELLA,""
Gram,GRAM,""
Strawberry AI,BERRY,""
Chainflip,FLIP,""
Bitcoin Dogs,"0DOG",""
Pontem Liquidswap,LSD,""
Ten Best Coins,TBC,""
Rake Coin,RAKE,""
Websea,WBS,""
CAW(A Hunters Dream),CAW,""
Playbux,PBUX,""
Num ARS v2,NARS,""
Unicorn,UWU,""
sols,SOLS,""
DarkShield Games Studio,DKS,""
Bitcoin Virtual Machine,BVM,""
Cakepie,CKP,""
FOGNET,FOG,""
ATOM (Atomicals),ATOM,""
BSC Layer,BSC,""
XANA,XETA,""
STON.fi,STON,""
ROCK,ROCK,""
Jeo Boden,BODEN,""
Laika The Soldog,LAIKA,""
Dtec,DTEC,""
Overnight,OVN,""
GameStop Coin,GME,""
AIRian,AIR,""
BNSx (Ordinals),BNSx,""
AASToken,AAST,""
Diment Dollar,DD,""
Kitten Haimer,KHAI,""
UMM,UMM,""
WYscale,WYS,""
Vyvo Coin,VSC,""
PulseX,PLSX,""
NuLink,NLK,""
CHEEKS,CHEEKS,""
BTCs (Ordinals),BTCS,""
GPT Protocol,GPT,""
Ocean Protocol,OCEAN,""
StakeVault.Network,SVN,""
Gyroscope GYD,GYD,""
Base God,TYBG,""
MMSS (Ordinals),MMSS,""
Dynasty Coin,DNY,""
BMAX,BMAX,""
mini,MINI,""
tooker kurlson,TOOKER,""
SOFA Org,RCH,""
BoringDAO,BORING,""
Phoenic,PNIC,""
HEX (PulseChain),HEX,""
Circular Protocol,CIRX,""
Tron cat,TCAT,""
Unagi Token,UNA,""
QANplatform,QANX,""
ROMCOIN,ROM,""
Lybra Finance,LBR,""
Probinex,PBX,""
MetaGaming Guild,MGG,""
SatoshiVM,SAVM,""
RealGOAT,RGOAT,""
Laika AI,LKI,""
Zamio,ZAM,""
Chippy,CHIPPY,""
Liza Coin,Liza,""
APEmove,APE,""
Cajutel,CAJ,""
Seamless,SEAM,""
I love puppies,PUPPIES,""
doginme,DOGINME,""
CYCON,CYCON,""
Origin Ether,OETH,""
Musk Dao,MUSK,""
Param,PARAM,""
Wrapped XDAI,wxDai,""
Trias Token (New),TRIAS,""
Lucre Way,LCR,""
Abey,ABEY,""
FUTUREXCRYPTO,FXC,""
Vela Exchange,VELA,""
TRUMP MAGA (trumpmaga.me),MAGA,""
Rebase GG,IRL,""
Nostra,NSTR,""
NeurochainAI,NCN,""
